text,class
RT @TaxisLibres4: Congesti√≥n en la V√≠a Jamundi sentido N/S Traficocali @elpaiscali,Colombia
En video: @NicolasMaduro ofrece apoyo a Santos y a las Farc para buscar la paz  ,Colombia
¬øUsted vot√≥ no el plebiscito? ¬øQu√© le cambiar√≠a a los acuerdos pactados en La Habana? ,Colombia
El No de Hungr√≠a. Nuestro editorial del d√≠a  ,Colombia
RT @muerganisimo: Video: Toyota sorprende con robot que puede hablar con humanos | EL PAIS  v√≠a @elpaiscali,Colombia
RT @ClasificadosEP: En CaliCo hay una empresa dedicada a la soluci√≥n de vivienda inmediata. Le contamos de qu√© se trata  ,Colombia
Farc anuncian que mantienen el cese el fuego tras resultado del plebiscito  ,Colombia
RT @TaxisLibres4: Sem√°foros fuera de servicio en la Cl 56 Con Cr 5 Traficocali @elpaiscali,Colombia
"Creaci√≥n de comisi√≥n especial, primer paso para buscar una salida tras rechazo a acuerdos  ",Colombia
EE.UU. suspende conversaciones con Rusia sobre tregua en Siria  ,Colombia
¬øDeber√≠an trasladar el monumento de Efra√≠n y Mar√≠a a otro lugar?  ,Colombia
Humberto De la Calle continuar√≠a como jefe negociador del Gobierno  ,Colombia
"Estrenan 'The Fourth Phase', la primera pel√≠cula deportiva grabada en 4K  ",Colombia
Estados Unidos apoya a Santos en llamado al di√°logo para alcanzar la paz  ,Colombia
"El aeropuerto Alfonso Bonilla Arag√≥n opera normalmente.

¬°Bienvenidos!",Colombia
El Pico y Placa corresponde hoy a los veh√≠culos con matr√≠culas terminadas en 1 y 2. Evite sanciones.,Colombia
"Seg√∫n pron√≥stico del Ideam, hoy la temperatura m√≠nima en Cali ser√° de 21¬∞ C y alcanzar√° una m√°xima de 30¬∞ C.",Colombia
"El d√≥lar TRM se cotiza hoy en $2.937,23 (subi√≥). Euro: $3.239,77 (baj√≥).",Colombia
"Buenos d√≠as a todos nuestros usuarios.

Abrimos con esta noticia: Gina Parody renuncia al Ministerio de Educaci√≥n‚Ä¶ ",Colombia
Comunidad internacional reitera apoyo a Colombia tras rechazo de acuerdos de paz  ,Colombia
Gina Parody renuncia al Ministerio de Educaci√≥n  ,Colombia
Agencia Mundial Antidopaje le ofreci√≥ disculpas a √ìscar Figueroa  ,Colombia
Las tres preguntas clave despu√©s del triunfo del NO  ,Colombia
Es necesario un pacto pol√≠tico en Colombia: 'Timochenko'  ,Colombia
Artistas y bandas colombianas estar√°n en el Womex 2016  ,Colombia
"Descubra m√°s sobre Jos√© Luis Perales, el 'poeta de la canci√≥n'  ",Colombia
La compa√±era de 'Gabo' en la construcci√≥n de  ‚ÄòNoticia de un secuestro‚Äô  ,Colombia
Gobierno espa√±ol insta a fortalecer los esfuerzos de paz en Colombia  ,Colombia
ONU env√≠a emisario a La Habana tras victoria del No en plebiscito por la paz  ,Colombia
Mantenemos intacto nuestro compromiso con la paz: 'Pablo Catatumbo'  ,Colombia
Trump aumenta ataques y Clinton recupera impulso de cara a las elecciones en EE.UU.  ,Colombia
"Explosi√≥n en cercan√≠as a estaci√≥n de Polic√≠a de Sevilla, Valle, no dej√≥ heridos ",Colombia
Uni√≥n Europea mantiene suspensi√≥n de las Farc de lista de grupos terroristas  ,Colombia
Facebook lanza nueva aplicaci√≥n de compra-venta para usuarios  ,Colombia
Analistas prev√©n un sombr√≠o panorama para Colombia despu√©s del plebiscito  ,Colombia
Colombia tendr√° un cupo m√°s en Copa Libertadores desde el 2017  ,Colombia
"Exportaciones del Valle crecieron 5,5% en agosto  ",Colombia
Los aciertos y desaciertos de un proceso de paz que qued√≥ herido  ,Colombia
"H√°rold Preciado, delantero del Deportivo Cali, tendr√° dos o tres semanas de baja  ",Colombia
Las razones por las que gan√≥ el No en las urnas  ,Colombia
Buscan a guarda de seguridad que habr√≠a asesinado a dos personas en Cali ,Colombia
¬øConvivir con la corrupci√≥n? Por Gustavo Moreno Montalvo  ,Colombia
Sede de la Federaci√≥n Colombiana de F√∫tbol fue inaugurada en Bogot√°  ,Colombia
¬øQui√©n es Yoshinori Ohsumi y por qu√© gan√≥ el Nobel de Medicina?  ,Colombia
"M√°s turismo, ¬øy servicio? Por V√≠ctor Diusab√° Rojas  ",Colombia
¬øQu√© significa la jornada del plebiscito para las presidenciales del 2018?  ,Colombia
Fiscal√≠a aplaz√≥ cumbre con el Departamento de Justica de EE.UU.  ,Colombia
James Rodr√≠guez lleg√≥ a Paraguay y ser√° evaluado de su lesi√≥n  ,Colombia
"¬øPor qu√© el centro del pa√≠s voto No, pero Cali y el Valle se fueron por el S√≠?  ",Colombia
Carta a ex Timochenko. Por Pedro Medellin Torres  ,Colombia
Agencia Mundial Antidopaje le pidi√≥ disculpas a √ìscar Figueroa  ,Colombia
Primeras v√≠ctimas en Hait√≠ tras paso de hurac√°n Matthew  ,Colombia
Desaz√≥n en los pueblos golpeados por la guerra tras el No en el plebiscito  ,Colombia
¬øCree que es posible renegociar el acuerdo de paz con las Farc?,Colombia
Lo que sigue. Por Antonio de Roux ,Colombia
√ìscar Figueroa: Estoy tranquilo porque consum√≠ un medicamento autorizado  ,Colombia
Fuerte alza del d√≥lar en Colombia de $65 tras resultado del plebiscito  ,Colombia
¬øSe pueden renegociar los acuerdos de paz?  ,Colombia
RT @TaxisLibres4: Congesti√≥n vehicular en la Cl 34 con 10  Traficocali @elpaiscali,Colombia
Sorpresa y l√°grimas: las caras del plebiscito por la paz en Cali  ,Colombia
"Deportes Si a√∫n no sabe qu√© pas√≥ con el pesista colombiano √ìscar Figueroa, aqu√≠ le dejamos este gif‚Ä¶ ",Colombia
Queremos aportar a un pacto nacional: Uribe ante triunfo del No en el plebiscito  ,Colombia
"Creaci√≥n de comisi√≥n especial, primer paso para buscar una salida tras rechazo a acuerdos  ",Colombia
Uribe le propone a Santos otorgar amnist√≠a a una parte de guerrilleros de las Farc  ,Colombia
"De la Calle, Mindefensa y Holgu√≠n, los voceros del Gobierno para dialogar con el uribismo  ",Colombia
RT @PoliciaCali: Con @DIJINPolicia y Cuadrante capturamos 9 üö∂ solicitados por Feminicidio y Homicidio en CaliCo Seguridad @AlcaldiaDeCali‚Ä¶,Colombia
El responsable de los pasajes del M√çO habla sobre los problemas de los usuarios  ,Colombia
Fallece en accidente de tr√°nsito el futbolista Yesid Aponz√°  ,Colombia
Rafael Correa espera que la paz finalmente venza a la guerra en Colombia  ,Colombia
En marcha plan para recuperar v√≠as rurales del pa√≠s  ,Colombia
Expectativa en el Cauca tras triunfo del No en el plebiscito  ,Colombia
La comunidad internacional le pide a Colombia que se d√© una oportunidad de llevar una vida sin violencia‚Ä¶ ,Colombia
¬øDeber√≠an trasladar el monumento de Efra√≠n y Mar√≠a a otro lugar?  ,Colombia
Dos modelos cale√±as de talla grande rompen los c√°nones de belleza  ,Colombia
Santos convoca al uribismo para determinar el camino a seguir ante rechazo a acuerdo de paz  ,Colombia
Cali le abre el tel√≥n al X Festival Internacional de Ballet este lunes  ,Colombia
El Mundial de F√∫tsal Colombia 2016 dej√≥ muchas sorpresas  ,Colombia
¬øQu√© hay detr√°s de los homicidios por 'ajustes de cuentas' en Cali?  ,Colombia
En fotos: los rostros del S√≠ y el No tras el resultado del plebiscito  ,Colombia
RT @TaxisLibres4: Congesti√≥n vehicular en la Cl 25 con 95 Traficocali @elpaiscali,Colombia
RT @camilo_osorio1: ¬øQu√© viene para Colombia despu√©s del plebiscito? mi texto de hoy en @elpaiscali cc @luisfebarrera ,Colombia
RT @club_selecta: TarjetaSelecta te invita a vivir una divertida aventura con la cerdita m√°s querida por los ni√±os. Detalles ,Colombia
"Am√©rica de Cali, a ratificar su segundo lugar en el Torneo √Åguila  ",Colombia
"Explosi√≥n en cercan√≠as a estaci√≥n de Polic√≠a de Sevilla, Valle, no dej√≥ heridos ",Colombia
RT @mheocaricaturas: A ver c√≥mo le remendamos la cabeza a la paloma. ¬øSer√° posible? Mheo v√≠a @elpaiscali ,Colombia
"Daniel Bocanegra, convocado de √∫ltimo momento en la Selecci√≥n Colombia  ",Colombia
Roban nueve millones de euros en joyas de la casa de Kim Kardashian en Par√≠s  ,Colombia
Video: un recorrido emocional por la jornada del plebiscito en Cali  ,Colombia
¬øConvivir con la corrupci√≥n? Por Gustavo Moreno Montalvo  ,Colombia
El 2016 ha sido un a√±o redondo para el ciclismo colombiano  ,Colombia
D√≥lar sube $65 en Colombia tras resultado del plebiscito por la paz  ,Colombia
¬øQu√© piden las v√≠ctimas del conflicto tras el triunfo del No?  ,Colombia
"M√°s turismo, ¬øy servicio? Por V√≠ctor Diusab√° Rojas  ",Colombia
"Gianni Infantino, presidente Fifa: El f√∫tbol es pasi√≥n, sobre todo en Suram√©rica  ",Colombia
"Hoy, d√≠a clave en el Congreso para definici√≥n de  impuesto a licores  ",Colombia
Expectativa por b√∫squeda de acuerdo pol√≠tico en cumbre a la que no asisti√≥ el uribismo  ,Colombia
Pol√≠ticos reafirman respaldo a Santos y hacen llamado a la unidad para buscar la paz  ,Colombia
Expectativa por b√∫squeda de acuerdo pol√≠tico en cumbre a la que no asisti√≥ el uribismo  ,Colombia
√ìscar Figueroa est√° en una lista de sospechosos de dopaje  ,Colombia
Carta a ex Timochenko. Por Pedro Medellin Torres  ,Colombia
RT @TaxisLibres4: Congesti√≥n por accidente de tr√°nsito en la Cl 26 Con Cr 8 @elpaiscali Traficocali,Colombia
RT @EquipoPazGob: Declaraci√≥n de Humberto de la Calle ,Colombia
¬øC√≥mo se siente despu√©s de los resultados del plebiscito?,Colombia
James Rodr√≠guez lleg√≥ a Paraguay y ser√° evaluado de su lesi√≥n  ,Colombia
"Exportaciones del Valle crecieron 5,5% en agosto  ",Colombia
As√≠ registr√≥ el mundo el apretado triunfo del No en el plebiscito por la paz  ,Colombia
RT @manchaamarilla: Bien @PoliciaCali arreglando c√°mara de vigilancia super importante en la Cll 44N con Cra 8N B/La Isla. @TaxisLibres4 @e‚Ä¶,Colombia
"RT @BluRadioCali: AlAire Los caciques electorales solo sacan su gente cuando est√° de por medio su votaci√≥n, @dimartillo, dir. informaci√≥‚Ä¶",Colombia
"RT @BluRadioCali: AlAire Votaron los mayores, que no quieren a las Farc y tampoco a Santos, @dimartillo, dir. informaci√≥n de @elpaiscali‚Ä¶",Colombia
"RT @BluRadioCali: AlAire La juventud que era definitiva, no se logr√≥ movilizar, @dimartillo, dir. de informaci√≥n de @elpaiscali - 91.5 F‚Ä¶",Colombia
"RT @BluRadioCali: AlAire En ViveCali @dimartillo, director de Informaci√≥n de @elpaiscali - 91.5 FM",Colombia
Lo que sigue. Por Antonio de Roux  ,Colombia
RT @TaxisLibres4: Tr√°fico lento en la Cl 34 Con Cr 12 @elpaiscali Traficocali,Colombia
Deportes Colombia tendr√° un cupo m√°s en Copa Libertadores desde el 2017  ,Colombia
CaliCo Un muerto y cerca de 30 heridos tras ca√≠da de √°rbol en el Parque de la Ca√±a  ,Colombia
ProcesoDePaz Las tres preguntas clave despu√©s del triunfo del NO  ,Colombia
Por el consenso nacional. Nuestro editorial del d√≠a  ,Colombia
¬°ATENCI√ìN! √öltimo minuto. Humberto de la Calle pone a disposici√≥n del presidente Santos su renuncia‚Ä¶ ,Colombia
"Exportaciones del Valle crecieron 5,5% en agosto  ",Colombia
"Daniel Bocanegra, convocado de √∫ltimo momento en la Selecci√≥n Colombia  ",Colombia
¬øResultado del plebiscito aniquila un Nobel de paz para Colombia?  ,Colombia
Queremos aportar a un pacto nacional: Uribe ante triunfo del No en el plebiscito  ,Colombia
"La Selecci√≥n Colombia, en vilo por James Rodr√≠guez  ",Colombia
Desaz√≥n en los pueblos golpeados por la guerra tras el No en el plebiscito  ,Colombia
"Hoy, d√≠a clave en el Congreso para definici√≥n de  impuesto a licores  ",Colombia
¬øSe pueden renegociar los acuerdos de paz?  ,Colombia
¬øQu√© significa la jornada del plebiscito para las presidenciales del 2018?  ,Colombia
En marcha plan para recuperar v√≠as rurales del pa√≠s  ,Colombia
"¬øPor qu√© el centro del pa√≠s voto No, pero Cali y el Valle se fueron por el S√≠?  ",Colombia
Las razones por las que gan√≥ el No en las urnas  ,Colombia
En video: el aguacero que 'tap√≥' a Cali durante el plebiscito  ,Colombia
Los aciertos y desaciertos de un ProcesoDePaz que qued√≥ herido  ,Colombia
¬øQu√© hay detr√°s de los homicidios por 'ajustes de cuentas' en Cali?  ,Colombia
Analistas prev√©n un sombr√≠o panorama para Colombia despu√©s del plebiscito  ,Colombia
Las tres preguntas clave despu√©s del triunfo del NO  ,Colombia
Conozca 'Negra' la obra que abre el Festival Internacional de Ballet  ,Colombia
ColombiaDecide Santos convoca al No para determinar el camino a seguir ante rechazo a acuerdo de paz‚Ä¶ ,Colombia
El responsable de los pasajes del M√çO habla sobre los problemas de los usuarios  ,Colombia
Los hechos que fueron noticia esta semana en 15 im√°genes  ,Colombia
As√≠ ser√° el recorte a la lista de los exentos de pico y placa  ,Colombia
Dos modelos cale√±as de talla grande rompen los c√°nones de belleza  ,Colombia
Voces y murmullos: ¬øPor qu√© a Ricardinho no se le puede preguntar por el brasilero Falcao?  ,Colombia
¬øSu pareja est√° satisfecha con usted en la cama? Este test se lo dice  ,Colombia
El responsable de los pasajes del M√çO habla sobre los problemas de los usuarios  ,Colombia
"Hillary peg√≥ primero, ¬øle alcanzar√° para llegar a la Casa Blanca?  ",Colombia
Primera derrota de la temporada para Manchester City en la Liga Premier  ,Colombia
ColombiaDecide Las Farc mantienen su voluntad de paz: Timochenko  ,Colombia
Lluvias marcaron jornada del plebiscito en el pa√≠s  ,Colombia
Real Madrid empata en casa con el modesto Eibar y cede liderato al Atl√©tico  ,Colombia
El acuerdo lo podemos mejorar entre todos: Francisco Santos  ,Colombia
As√≠ cay√≥ el t√©cnico en sistemas que 'hacke√≥' la p√°gina web de la Registradur√≠a  ,Colombia
‚ÄúMi familia va por la Selecci√≥n Colombia y yo por mi Paraguay‚Äù: Roberto Caba√±as  ,Colombia
As√≠ ser√° el recorte a la lista de los exentos de pico y placa  ,Colombia
Colombia le apunta al oro mundial en Catar  ,Colombia
El papa rinde homenaje a peque√±a comunidad cat√≥lica de musulmanes en Azerbaiy√°n  ,Colombia
En im√°genes: as√≠ votaron los diferentes l√≠deres pol√≠ticos en toda Colombia  ,Colombia
Quinto podium de la temporada para Gustavo Yacam√°n y su equipo  ,Colombia
Sabemos que nuestros compatriotas al recibir mensaje de nuestra buena voluntad nos escuchar√°n: @AlvaroUribeVel ColombiaDecide,Colombia
Ri√±a entre habitantes de calle deja dos muertos en Cali ,Colombia
ColombiaDecide Cae presunto responsable de ataque inform√°tico a la p√°gina web de la Registradur√≠a‚Ä¶ ,Colombia
"ColombiaDecide Colombia, en la incertidumbre por rechazo a acuerdo de paz con las Farc  ",Colombia
Fallece en accidente de tr√°nsito el futbolista Yesid Aponz√°  ,Colombia
"Descubra m√°s sobre Jos√© Luis Perales, el 'poeta de la canci√≥n'  ",Colombia
ColombiaDecide Cae presunto responsable de ataque inform√°tico a la p√°gina web de la Registradur√≠a ,Colombia
En fotos: los rostros del S√≠ y el No tras el resultado del plebiscito  ,Colombia
Dos modelos cale√±as de talla grande rompen los c√°nones de belleza  ,Colombia
"ColombiaDecide Inasistencia de jurados y elementos de campa√±as, los lunares en jornada del plebiscito‚Ä¶ ",Colombia
ColombiaDecide Santos convoca al No para determinar el camino a seguir ante rechazo a acuerdo de paz‚Ä¶ ,Colombia
¬øQu√© hay detr√°s de los homicidios por 'ajustes de cuentas' en Cali?  ,Colombia
David Ospina: el grande de la Selecci√≥n Colombia  ,Colombia
Quinto podium de la temporada para Gustavo Yacam√°n y su equipo  ,Colombia
As√≠ reaccionaron diferentes sectores del pa√≠s tras el resultado del plebiscito por la paz  ,Colombia
James Rodr√≠guez no jug√≥ con Real Madrid por lesi√≥n y se perder√≠a los duelos con Colombia  ,Colombia
ColombiaDecide Las Farc mantienen su voluntad de paz: Timochenko  ,Colombia
ColombiaDecide Seguir√© hasta el √∫ltimo minuto de mi mandato para dejarle un mejor pa√≠s a nuestros hijos. @JuanManSantos,Colombia
ColombiaDecide He dado instrucciones al jefe negociador para que ma√±ana mismo viajen a La Habana @JuanManSantos,Colombia
ColombiaDecide Aqu√≠ tenemos una oportunidad que se nos abre con la nueva realidad pol√≠tica que se manifest√≥. @JuanManSantos,Colombia
ColombiaDecide El cese al fuego bilateral est√° vigente y seguir√° vigente.,Colombia
ColombiaDecide Soy el primero en reconocer este resultado @JuanManSantos,Colombia
ColombiaDecide ¬°Atenci√≥n! Habla en este momento el presidente de la rep√∫blica Juan Manuel Santos.,Colombia
Colombia ya vot√≥ en el plebiscito por la paz  ,Colombia
Un muerto y m√°s de 20 heridos tras ca√≠da de √°rbol en el Parque de la Ca√±a  ,Colombia
James Rodr√≠guez no jug√≥ con Real Madrid por lesi√≥n y se perder√≠a los duelos con Colombia  ,Colombia
Un muerto y m√°s de 20 heridos tras ca√≠da de √°rbol en el Parque de la Ca√±a  ,Colombia
"ColombiaDecide Bolet√≠n 17. Si: 49,76% No: 50,23% Mesas informadas: 99,47% ",Colombia
"ColombiaDecide Bolet√≠n 16. Si: 49,76% No: 50,23% Mesas informadas: 99,37% ",Colombia
"ColombiaDecide Bolet√≠n 15. Si: 49,75% No: 50,24% Mesas informadas: 99,25% ",Colombia
ColombiaDecide Incertidumbre por rechazo a acuerdo de paz con las Farc  ,Colombia
"ColombiaDecide ¬°ATENCI√ìN! Bolet√≠n 14. Si: 49,75% No: 50,24% Mesas informadas: 99,08% ",Colombia
RT @FARC_EPueblo: S√≠ALaPazEnColombia ‚ÄúEl amor que llevamos en el coraz√≥n es gigante y con nuestras palabras y acciones seremos capaces de‚Ä¶,Colombia
"ColombiaDecide ¬°ATENCI√ìN! Bolet√≠n 13. Si: 49,76% No: 50,23% Mesas informadas: 98,85% ",Colombia
"ColombiaDecide ¬°ATENCI√ìN! Bolet√≠n 12. Si: 49,77% No: 50,22% Mesas informadas: 98,45% ",Colombia
"ColombiaDecide ¬°ATENCI√ìN! Bolet√≠n 11. Si: 49,77% No: 50,22% Mesas informadas: 97,88% ",Colombia
"ColombiaDecide ¬°ATENCI√ìN! Bolet√≠n 10. Si: 49,79% No: 50,20% Mesas informadas: 96,74% ",Colombia
"ColombiaDecide ¬°ATENCI√ìN! Bolet√≠n 9. Si: 49,83% No: 50,16% Mesas informadas: 94,63% ",Colombia
"ColombiaDecide ¬°ATENCI√ìN! Bolet√≠n 8. Si: 49,89% No: 50,10% Mesas informadas: 90,66% ",Colombia
"ColombiaDecide Bolet√≠n 7. Si: 50,00%   No: 49,99%   Mesas informadas:  83,08% ",Colombia
"ColombiaDecide Bolet√≠n 6. Si: 50,05% No: 49,94% Mesas informadas: 68,85% ",Colombia
"ColombiaDecide Bolet√≠n 5. Si: 50,09% No: 49,90% Mesas informadas: 50,13% ",Colombia
‚ÄúSoy colombiana y sue√±o con la paz‚Äù: Catherine Ibarg√ºen  ,Colombia
"ColombiaDecide Bolet√≠n 4. Si: 50,27% No: 49,72% Mesas informadas: 31,26% ",Colombia
"ColombiaDecide Bolet√≠n 2. SI: 51,91% NO: 48,08% Mesas informadas: 5,86%",Colombia
En video: as√≠ ve la jornada del plebiscito un polic√≠a que fue secuestrado por las Farc  ,Colombia
"ColombiaDecide Bolet√≠n 1. Si: 52,9%. No: 47.0%",Colombia
ColombiaDecide ¬°Atenci√≥n! Palabras de @sigifredolopez en vivo desde el CAM. Exclusivo para El Pa√≠s Cali. ,Colombia
ColombiaDecide Inicia el conteo de votos del PlebiscitoPorLaPaz ,Colombia
¬°Urnas cerradas! Comienza el conteo de votos. As√≠ lo registramos desde el CAM en el centro de Cali ColombiaDecide ,Colombia
LoM√°sVisto En el Valle se fabricar√°n las etiquetas SABMiller  ,Colombia
ColombiaDecide Son las 4:00 p.m. y oficialmente se cierran las urnas. En breve les compartiremos el primer bolet√≠n‚Ä¶ ,Colombia
"Desempleo en Cali en el √∫ltimo trimestre se mantuvo en 10,8%  ",Colombia
RT @_JetPilot_: @EnterateCali @elpaiscali @NoticiasdeCali cierran via del pe√±on afectando vecinos para celebrar el triunfo del si...autorid‚Ä¶,Colombia
"@SonyMurillo3 Bienas tardes. En el oeste, centro y norte de Cali. Saludos.",Colombia
Opini√≥n La guerra es f√°cil  Por: @jorgeramosnews ,Colombia
"Inasistencia de jurados y elementos de campa√±as, los lunares en jornada del plebiscito  ",Colombia
Listo nuevo mapa de troncales que servir√° como gu√≠a para moverse en el M√çO  ,Colombia
Cae presunto responsable de ataque inform√°tico a la p√°gina web de la Registradur√≠a  ,Colombia
Impresionante aguacero y vendaval cae en Cali a esta hora: ,Colombia
"ColombiaDecide Votar el S√≠ es abrir posibilidades, votar el No es un salto al vac√≠o: Daniel P√©caut‚Ä¶ ",Colombia
Falsas alarmas en redes sociales hacen colapsar el acueducto de Cali  ,Colombia
Hurac√°n Matthew se aleja de la costa colombiana dejando da√±os menores  ,Colombia
"En fotos: la √∫ltima noche del Exposhow, todo un homenaje a la naturaleza  ",Colombia
Tecnolog√≠a Tinder y Spotiffy se unen para hallar la media naranja musical  ,Colombia
ONU verific√≥ primera destrucci√≥n de material b√©lico de las Farc  ,Colombia
ColombiaDecide En im√°genes: con normalidad avanza jornada electoral en Cali  ,Colombia
Primera derrota de la temporada para Manchester City en la Liga Premier  ,Colombia
Estos son los nuevos miembros del gabinete de Nicol√°s Maduro en Venezuela  ,Colombia
Cronolog√≠a: los momentos claves del ProcesoDePaz con las Farc  ,Colombia
Falleci√≥ en accidente de tr√°nsito el futbolista Yesid Aponz√°  ,Colombia
"En im√°genes: as√≠ vota Torib√≠o, una de las zonas m√°s azotadas por el conflicto armado  ",Colombia
"RT @UniNoticias: üé• | Ingrid Betancourt: ‚ÄúTenemos que cerrar una puerta, un siglo de violencia y crueldad‚Äù ‚û°Ô∏è  ",Colombia
Conozca 'Negra' la obra que abre el Festival Internacional de Ballet  ,Colombia
Los hechos que fueron noticia esta semana en 15 im√°genes  ,Colombia
Declaraci√≥n de recursos de las Farc es una buena noticia para las v√≠ctimas: De la Calle  ,Colombia
"Muy contento de estar en Cali: Gianni Infantino, presidente de la Fifa  ",Colombia
SaludYVida ¬øSu pareja est√° satisfecha con usted en la cama? Este test se lo dice  ,Colombia
PlebiscitoPorLaPaz As√≠ transcurre la jornada electoral en Cali y el Valle del Cauca  ,Colombia
PlebiscitoPorLaPaz Estamos en el puesto de votaci√≥n Colegio Luis Carlos Rojas con alto volumen de sufragantes. ,Colombia
Daniel Torres se lesion√≥ y no estar√° con la Selecci√≥n Colombia  ,Colombia
"PlebiscitoPorLaPaz No puede ser un voto pol√≠tico ni un voto jur√≠dico, es un voto por la vida Fabiola Perdomo ",Colombia
"Hillary peg√≥ primero, ¬øle alcanzar√° para llegar a la Casa Blanca?  ",Colombia
Opini√≥n El d√≠a esperado  Por: Lu√≠s Guillermo Restrepo  ColombiaDecide ,Colombia
Argentina gan√≥ su primer Mundial de futsal  ,Colombia
PlebiscitoPorLaPaz  Hoy le vamos a cambiar la historia y el rumbo a este pa√≠s @RonaldMayorga ,Colombia
Colombia vive este domingo una jornada hist√≥rica con el plebiscito por la paz  ,Colombia
"PlebiscitoPorLaPaz En tranquilidad, as√≠ avanza la jornada en Torib√≠o-Cauca. Una de las poblaciones m√°s golpeadas p‚Ä¶ ",Colombia
"ColombiaDecide Hace 59 a√±os, en las urnas llegaron los cambios pol√≠ticos  ",Colombia
ColombiaDecide En este momento la @PoliciaCali le ayuda a los cale√±os a encontrar su mesa de votaci√≥n para que el‚Ä¶ ,Colombia
ColombiaDecide Nos trasladamos al punto de la CVC y se reporta total normalidad en el proceso de votaci√≥n. ,Colombia
Ir√°n se queda con un hist√≥rico tercer puesto en el Mundial de Futsal  ,Colombia
"PlebiscitoPorLaPaz Los que hemos sido v√≠ctimas del conflicto, todos estamos con el SI: @MauriceArmitage ",Colombia
ColombiaDecide Por estas razones usted no deber√≠a abstenerse de votar hoy  ,Colombia
El responsable de los pasajes del M√çO habla sobre los problemas de los usuarios  ,Colombia
ColombiaDecide ¬°Atenci√≥n! Palabras del alcalde @MauriceArmitage en vivo desde el punto de votaci√≥n. ,Colombia
Colombia ya vota en jornada hist√≥rica de PlebiscitoPorLaPaz  ,Colombia
ColombiaDecide ¬øQu√© le dej√≥ al pa√≠s la polarizaci√≥n entre el S√≠ y el No?  ,Colombia
"RT @mheocaricaturas: Con la esperanza d que esas caras de terror jam√°s se repitan, yo voto S√ç | Mheo v√≠a @elpaiscali ",Colombia
RT @estebanpie: La √∫nica manera de derrotar las ideas de las FARC es en las urnas. Las armas no bastan. Mi columna ,Colombia
"ColombiaDecide Si no sabe en qu√© mesa le toca votar, en la entrada a los puestos de votaci√≥n est√°n los listados pa‚Ä¶ ",Colombia
Judicial ¬øQu√© hay detr√°s de los homicidios por 'ajustes de cuentas' en Cali?  ,Colombia
Opini√≥n Es lo que hay  Por: @gusgomez1701 ColombiaDecide ,Colombia
Al menos 40 sectores de Cali permanecen sin energ√≠a tras aguacero del viernes  ,Colombia
ColombiaDecide ¬øSe puede renegociar el acuerdo con las Farc?  ,Colombia
TraficoCali As√≠ ser√° el recorte a la lista de los exentos de pico y placa  ,Colombia
ColombiaDecide Avanza la jornada electoral en Cali. ,Colombia
ColombiaDecide Francis Ord√≥√±ez de la Registradur√≠a Nacional le explica el procedimiento para votar. ,Colombia
ColombiaDecide Las preguntas clave para entender la elecci√≥n de hoy  ,Colombia
ColombiaDecide Desde ya y hasta las 4:00 p.m. est√°n habilitados los puntos de votaci√≥n. Ejerza su derecho al voto. ,Colombia
ColombiaDecide Esto es lo que est√° en juego con el plebiscito por la paz  ,Colombia
ColombiaDecide En vivo desde Cali en un cubrimiento especial de la jornada electoral. ,Colombia
ColombiaDecide Los cale√±os le madrugan al plebiscito. As√≠ luce a esta hora el CAM en el centro de Cali: ,Colombia
@elpaiscali Recuerde que hasta el lunes a las 6:00 a.m. rige la Ley Seca. El aeropuerto Alfonso Bonilla Arag√≥n opera normalmente.,Colombia
@elpaiscali Para salir a votar no olvide su paraguas. Seg√∫n Ideam hoy habr√° lloviznas en varios sectores y temperatura m√°xima de 30¬∞ C.,Colombia
¬°Buenos d√≠as! Iniciamos esta trascendental jornada informativa desde Cali con temperatura de 18¬∞ C y cielo nublado.‚Ä¶ ,Colombia
Mario Alberto Yepes: ‚ÄúGanar nos permite seguir en la pelea‚Äù  ,Colombia
Falsas alarmas en redes sociales hacen colapsar el acueducto de Cali  ,Colombia
"Votar el S√≠ es abrir posibilidades, votar el No es un salto al vac√≠o: Daniel P√©caut  ",Colombia
Capturan a presunto estafador que promet√≠a viviendas en el norte del Valle ,Colombia
Hurac√°n Matthew se aleja de la costa colombiana dejando da√±os menores  ,Colombia
"Muy contento de estar en Cali: Gianni Infantino, presidente de la Fifa  ",Colombia
"En fotos: la √∫ltima noche del Exposhow, todo un homenaje a la naturaleza  ",Colombia
El Cali Exposhow 2016 termin√≥ con una descarga de glamour y sensualidad  ,Colombia
Lewis Hamilton logra la pole en el Gran Premio de Malasia  ,Colombia
Esteban Chaves logra la primera victoria colombiana en el Giro de Lombard√≠a  ,Colombia
Daniel Torres se lesion√≥ en juego del Alav√©s y prende las alarmas en la Selecci√≥n Colombia  ,Colombia
ONU verific√≥ primera destrucci√≥n de material b√©lico de las Farc  ,Colombia
Capturan a presunto estafador que promet√≠a viviendas en el norte del Valle ,Colombia
Esteban Chaves logra la primera victoria colombiana en el Giro de Lombard√≠a  ,Colombia
"Muy contento de estar en Cali: Gianni Infantino, presidente de la Fifa  ",Colombia
"En fotos: la √∫ltima noche del Exposhow, todo un homenaje a la naturaleza  ",Colombia
Lewis Hamilton logra la pole en el Gran Premio de Malasia  ,Colombia
El Cali Exposhow 2016 termin√≥ con una descarga de glamour y sensualidad  ,Colombia
Hurac√°n Matthew se aleja de la costa colombiana dejando da√±os menores  ,Colombia
Daniel Torres se lesion√≥ en juego del Alav√©s y prende las alarmas en la Selecci√≥n Colombia  ,Colombia
ONU verific√≥ primera destrucci√≥n de material b√©lico de las Farc  ,Colombia
Clinton repunta en sondeos mientras Trump se estanca  ,Colombia
Ir√°n se queda con un hist√≥rico tercer puesto en el Mundial de Futsal  ,Colombia
Farc anuncian que declarar√°n sus recursos para la reparaci√≥n de v√≠ctimas  ,Colombia
Argentina gana su primer Mundial de futsal  ,Colombia
Farc anuncian que declarar√°n sus recursos para la reparaci√≥n de v√≠ctimas  ,Colombia
Barrios Granada y Juanamb√∫ completan casi 24 horas sin energ√≠a ,Colombia
Polic√≠a Nacional captura a 238 presuntos expendedores de droga. ,Colombia
Procuradur√≠a advierte sobre posibles fallas en jornada del plebiscito por la paz  ,Colombia
Roban expediente de asesinato de ambientalista hondure√±a C√°ceres  ,Colombia
Falleci√≥ la hija reci√©n nacida del reguetonero Wisin  ,Colombia
"Hillary fue enga√±ada por la estafadora Alicia Machado, dice Trump en nueva pol√©mica  ",Colombia
Cuando el acuerdo de paz sea blindado por el plebiscito ir√© a Colombia: papa Francisco  ,Colombia
Desarticulan presunta banda de extorsionistas en Cali. ,Colombia
RT @ElPaisDeportes: Deportes ¬°Atenci√≥n! Argentina campe√≥n de la Copa Mundial de Futsal Colombia 2016. ,Colombia
En fotos: un homenaje a la virgen Mar√≠a el toque final del Exposhow  ,Colombia
En video: dirigentes mundiales dieron √∫ltimo adi√≥s a Shimon Peres en Jerusal√©n  ,Colombia
Capturan a presunto estafador que promet√≠a viviendas en el norte del Valle. ,Colombia
Los muertos de La Chinita son nuestros muertos: Farc al pedir perd√≥n por masacre  ,Colombia
Angelina Jolie y Brad Pitt habr√≠an llegado a un acuerdo provisional por custodia de sus hijos‚Ä¶ ,Colombia
Arranc√≥ verificaci√≥n de cumplimiento de lo acordado con las Farc  ,Colombia
'Timochenko' calific√≥ de provocaci√≥n sobrevuelo de aviones Kafir durante firma de la paz  ,Colombia
√Årboles y techos ca√≠dos tras aguacero y fuertes vientos en Cali  ,Colombia
Los ciclistas colombianos son favoritos en el Giro de Lombard√≠a  ,Colombia
"Stephen Ferry,  el fot√≥grafo norteamericano que document√≥ el conflicto armado  ",Colombia
Tinder y Spotiffy se unen para hallar la media naranja musical  ,Colombia
Las cartas est√°n jugadas. Por Ricardo Villaveces. ,Colombia
Rusia y Argentina van por la gloria en el Mundial de F√∫tsal  ,Colombia
El Cali Exposhow 2016 termin√≥ con una descarga de glamour y sensualidad  ,Colombia
En el Valle se fabricar√°n las etiquetas SABMiller  ,Colombia
Jos√© P√©kerman sorprendi√≥ con algunos nombres en convocatoria de la Selecci√≥n Colombia  ,Colombia
Listo nuevo mapa de troncales que servir√° como gu√≠a para moverse en el M√çO  ,Colombia
Todo listo para la jornada hist√≥rica del plebiscito  ,Colombia
"Lo bueno, lo malo y lo feo. Por Eduardo Jos√© Victoria Paz. ",Colombia
Las mejores im√°genes de la victoria del Deportivo Cali ante el Bucaramanga  ,Colombia
Hurac√°n Matthew mantiene en alerta roja el mar caribe colombiano  ,Colombia
Cara a cara: el S√≠ y el No de las v√≠ctimas de las Farc  ,Colombia
¬øPor qu√© el ‚ÄòS√≠‚Äô?. Por Gustavo Duncan. ,Colombia
Deportivo Cali tom√≥ ox√≠geno de nuevo tras derrotar al Bucaramanga  ,Colombia
"En fotos: la √∫ltima noche del Exposhow, todo un homenaje a la naturaleza  ",Colombia
"Ley Seca, restricci√≥n de parrillero en moto y otras medidas para jornada de plebiscito  ",Colombia
Por el futuro. Por Fernando Cepeda Ulloa ,Colombia
Mario Alberto Yepes: ‚ÄúGanar nos permite seguir en la pelea‚Äù  ,Colombia
"Desempleo en Cali en el √∫ltimo trimestre se mantuvo en 10,8%  ",Colombia
Estas son las razones para votar el pr√≥ximo domingo  ,Colombia
Paso a paso. Nuestro editorial del d√≠a. ,Colombia
"Muy contento de estar en Cali: Gianni Infantino, presidente de la Fifa  ",Colombia
Falsas alarmas en redes sociales hacen colapsar el acueducto de Cali  ,Colombia
Lo que usted debe saber para votar el plebiscito este domingo  ,Colombia
El @AsoDeporCali  tom√≥ ox√≠geno de nuevo tras derrotar al Bucaramanga  ,Colombia
Roban expediente de asesinato de ambientalista hondure√±a C√°ceres  ,Colombia
En video: dirigentes mundiales dieron √∫ltimo adi√≥s a Shimon Peres en Jerusal√©n  ,Colombia
Registradur√≠a report√≥ que material electoral para el plebiscito ya qued√≥ listo  ,Colombia
Cuando el acuerdo de paz sea blindado por el plebiscito ir√© a Colombia: papa Francisco  ,Colombia
Leve reducci√≥n del desempleo en agosto respecto al 2015: se ubic√≥ en 9%  ,Colombia
"Ley Seca, restricci√≥n de parrillero en moto y otras medidas para jornada de plebiscito  ",Colombia
Los muertos de La Chinita son nuestros muertos: Farc al pedir perd√≥n por masacre  ,Colombia
El 2 de octubre no se va a votar por la paz: √ìscar Iv√°n Zuluaga  ,Colombia
Los ciclistas colombianos son favoritos en el Giro de Lombard√≠a  ,Colombia
Jos√© P√©kerman sorprendi√≥ con algunos nombres en convocatoria de la Selecci√≥n Colombia  ,Colombia
Lo que usted debe saber para votar el plebiscito este domingo  ,Colombia
Angelina Jolie y Brad Pitt habr√≠an llegado a un acuerdo provisional por custodia de sus hijos‚Ä¶ ,Colombia
Mario Alberto Yepes: ‚ÄúGanar nos permite seguir en la pelea‚Äù  ,Colombia
Arranc√≥ verificaci√≥n de cumplimiento de lo acordado con las Farc  ,Colombia
"Muy contento de estar en Cali: Gianni Infantino, presidente de la Fifa  ",Colombia
Hurac√°n Matthew sube a categor√≠a 4 y se acerca m√°s a La Guajira  ,Colombia
'Timochenko' calific√≥ de provocaci√≥n sobrevuelo de aviones Kafir durante firma de la paz  ,Colombia
√Årboles y techos ca√≠dos tras aguacero y fuertes vientos en Cali  ,Colombia
El @AsoDeporCali Cali tom√≥ ox√≠geno de nuevo tras derrotar al Bucaramanga  ,Colombia
"Pago por evitar pico y placa est√° casi listo, seis cosas que debe saber  ",Colombia
"Colombia y el proceso de paz, entre los favoritos para el premio Nobel  ",Colombia
"En fotos: feminidad y bordados tradicionales, tendencias en segunda noche del Cali Exposhow  ",Colombia
"Hillary fue enga√±ada por la estafadora Alicia Machado, dice Trump en nueva pol√©mica  ",Colombia
Arranc√≥ verificaci√≥n de cumplimiento de lo acordado con las Farc  ,Colombia
Una tendinitis deja por fuera a Te√≥filo Guti√©rrez de la Selecci√≥n Colombia  ,Colombia
¬øQu√© tanto entusiasmo le genera la visita del Papa Francisco a Colombia en el 2017?,Colombia
Leve reducci√≥n del desempleo en agosto respecto al 2015: se ubic√≥ en 9%  ,Colombia
En las redes sociales y otras 'trincheras' la paz a√∫n est√° lejos  ,Colombia
Procuradur√≠a advierte sobre posibles fallas en jornada del plebiscito por la paz  ,Colombia
Hurac√°n Matthew se sigue fortaleciendo y se acerca a La Guajira ,Colombia
Fotos: las mejores 'pintas' de Johanna Ortiz y Adriana Arboleda desfilaron por el Cali Exposhow‚Ä¶ ,Colombia
Hallan cad√°ver sin identificar en zona rural de Tulu√° ,Colombia
As√≠ va la investigaci√≥n por asesinato en centro comercial del sur de Cali  ,Colombia
Falleci√≥ la hija reci√©n nacida del reguetonero Wisin  ,Colombia
Polic√≠a Nacional captura a 238 presuntos expendedores de droga ,Colombia
Mundo Roban expediente de asesinato de ambientalista hondure√±a C√°ceres  ,Colombia
Capturan a presunto estafador que promet√≠a viviendas en el norte del Valle ,Colombia
Este viernes se conocer√≠a la lista de convocados de la Selecci√≥n Colombia  ,Colombia
‚ÄúDecir que los acuerdos se pueden arreglar no es realista‚Äù: C√©sar Gaviria  ,Colombia
Cuando el acuerdo de paz sea blindado por el plebiscito ir√© a Colombia: papa Francisco  ,Colombia
"Ley Seca, restricci√≥n de parrillero en moto y otras medidas para jornada de plebiscito  ",Colombia
Los muertos de La Chinita son nuestros muertos: Farc al pedir perd√≥n por masacre  ,Colombia
Esto es lo nuevo en tendencias de maquillaje y peinado  V√≠a @Vanitip ,Colombia
Lo que usted debe saber para votar el plebiscito este domingo  ,Colombia
"La final del Mundial ante Rusia ser√° una guerra: Nicol√°s Sarmiento, arquero de Argentina  ",Colombia
